URL,Last crawled
https://pickafarm.com/vineyards/near/lebanon-pa-united-states/,2025-10-07
https://pickafarm.com/pumpkin-patches/near/henderson-tx-canada/,2025-10-07
https://pickafarm.com/pumpkin-patches/near/binghamton-ny-united-states/,2025-10-07
https://pickafarm.com/christmas-tree-farms/near/brossard-qc-canada/,2025-10-07
https://pickafarm.com/christmas-tree-farms/near/lagrange-ga-united-states/,2025-10-07
https://pickafarm.com/christmas-tree-farms/near/winston-salem-nc-united-states/,2025-10-07
https://pickafarm.com/pumpkin-patches/near/fairfield-il-united-states/,2025-10-07
https://pickafarm.com/christmas-tree-farms/near/arlington-tx-united-states/,2025-10-07
https://pickafarm.com/pumpkin-patches/near/bakersfield-ca-united-states/,2025-10-07
https://pickafarm.com/all-farms-near/near/new-westminster-bc-canada/,2025-10-07
https://pickafarm.com/all-farms-near/near/ajax-on-canada/,2025-10-07
https://pickafarm.com/all-farms-near/near/montreal-qc-canada/,2025-10-07
https://pickafarm.com/all-farms-near/near/granby-qc-canada/,2025-10-07
https://pickafarm.com/all-farms-near/near/blainville-qc-canada/,2025-10-07
https://pickafarm.com/all-farms-near/near/chatham-kent-on-canada/,2025-10-07
https://pickafarm.com/christmas-tree-farms/near/cape-breton-ns-canada/,2025-10-07
https://pickafarm.com/all-farms-near/near/saint-j-r-me-qc-canada/,2025-10-07
https://pickafarm.com/christmas-tree-farms/near/bridgewater-ns-canada/,2025-10-07
https://pickafarm.com/christmas-tree-farms/near/sarnia-on-canada/,2025-10-07
https://pickafarm.com/christmas-tree-farms/near/falun-ab-canada/,2025-10-07
https://pickafarm.com/christmas-tree-farms/near/perth-on-canada/,2025-10-07
https://pickafarm.com/christmas-tree-farms/near/longueuil-qc-canada/,2025-10-07
https://pickafarm.com/all-farms-near/near/edmonton-ab-canada/,2025-10-07
https://pickafarm.com/all-farms-near/near/kelowna-bc-canada/,2025-10-07
https://pickafarm.com/christmas-tree-farms/near/red-deer-ab-canada/,2025-10-07
https://pickafarm.com/christmas-tree-farms/near/edmonton-ab-canada/,2025-10-07
https://pickafarm.com/christmas-tree-farms/near/rochester-mn-united-states/,2025-10-07
https://pickafarm.com/christmas-tree-farms/near/toledo-oh-united-states/,2025-10-07
https://pickafarm.com/christmas-tree-farms/near/st-albert-ab-canada/,2025-10-07
https://pickafarm.com/christmas-tree-farms/near/saanich-bc-canada/,2025-10-07
https://pickafarm.com/christmas-tree-farms/near/washington-dc-united-states/,2025-10-07
https://pickafarm.com/christmas-tree-farms/near/denver-co-united-states/,2025-10-07
https://pickafarm.com/christmas-tree-farms/near/maple-ridge-bc-canada/,2025-10-07
https://pickafarm.com/christmas-tree-farms/near/north-vancouver-bc-canada/,2025-10-07
https://pickafarm.com/christmas-tree-farms/near/concord-nh-united-states/,2025-10-07
https://pickafarm.com/christmas-tree-farms/near/victoria-bc-canada/,2025-10-07
https://pickafarm.com/all-farms-near/near/riverside-ca-united-states/,2025-10-07
https://pickafarm.com/christmas-tree-farms/near/philadelphia-pa-united-states/,2025-10-07
https://pickafarm.com/all-farms-near/near/yonkers-ny-united-states/,2025-10-07
https://pickafarm.com/all-farms-near/near/baltimore-md-united-states/,2025-10-07
https://pickafarm.com/all-farms-near/near/jersey-city-nj-united-states/,2025-10-07
https://pickafarm.com/all-farms-near/near/guelph-on-canada/,2025-10-07
https://pickafarm.com/all-farms-near/near/saint-hyacinthe-qc-canada/,2025-10-07
https://pickafarm.com/all-farms-near/near/moreno-valley-ca-united-states/,2025-10-07
https://pickafarm.com/all-farms-near/near/huntington-beach-ca-united-states/,2025-10-07
https://pickafarm.com/all-farms-near/near/irvine-ca-united-states/,2025-10-07
https://pickafarm.com/all-farms-near/near/bridgeport-ct-united-states/,2025-10-07
https://pickafarm.com/all-farms-near/near/philadelphia-pa-united-states/,2025-10-07
https://pickafarm.com/all-farms-near/near/fontana-ca-united-states/,2025-10-07
https://pickafarm.com/christmas-tree-farms/near/santa-ana-ca-united-states/,2025-10-07
https://pickafarm.com/christmas-tree-farms/near/sacramento-ca-united-states/,2025-10-07
https://pickafarm.com/christmas-tree-farms/near/huntington-beach-ca-united-states/,2025-10-07
https://pickafarm.com/pumpkin-patches/near/guelph-on-canada/,2025-10-07
https://pickafarm.com/all-farms-near/near/perth-on-canada/,2025-10-07
https://pickafarm.com/all-farms-near/near/aurora-on-canada/,2025-10-07
https://pickafarm.com/christmas-tree-farms/near/drummondville-qc-canada/,2025-10-07
https://pickafarm.com/cdn-cgi/l/email-protection,2025-10-07
https://pickafarm.com/all-farms-near/near/markham-on-canada/,2025-10-07
https://pickafarm.com/all-farms-near/near/langley-bc-canada/,2025-10-07
https://pickafarm.com/all-farms-near/near/north-vancouver-bc-canada/,2025-10-07
https://pickafarm.com/all-farms-near/near/peterborough-on-canada/,2025-10-07
https://pickafarm.com/all-farms-near/near/l-vis-qc-canada/,2025-10-07
https://pickafarm.com/all-farms-near/near/brampton-on-canada/,2025-10-07
https://pickafarm.com/all-farms-near/near/quebec-city-qc-canada/,2025-10-07
https://pickafarm.com/christmas-tree-farms/near/norfolk-county-on-canada/,2025-10-07
https://pickafarm.com/christmas-tree-farms/near/akron-oh-united-states/,2025-10-07
https://pickafarm.com/christmas-tree-farms/near/mount-pleasant-sc-united-states/,2025-10-07
https://pickafarm.com/christmas-tree-farms/near/orlando-fl-united-states/,2025-10-07
https://pickafarm.com/pumpkin-patches/near/flint-mi-united-states/,2025-10-07
https://pickafarm.com/christmas-tree-farms/near/los-angeles-ca-united-states/,2025-10-07
https://pickafarm.com/christmas-tree-farms/near/iowa-city-ia-united-states/,2025-10-07
https://pickafarm.com/christmas-tree-farms/near/harrisburg-pa-united-states/,2025-10-07
https://pickafarm.com/christmas-tree-farms/near/allentown-pa-united-states/,2025-10-07
https://pickafarm.com/pumpkin-patches/near/milton-on-canada/,2025-10-07
https://pickafarm.com/pumpkin-patches/near/peoria-il-united-states/,2025-10-07
https://pickafarm.com/pumpkin-patches/near/schenectady-ny-united-states/,2025-10-07
https://pickafarm.com/pumpkin-patches/near/yonkers-ny-united-states/,2025-10-07
https://pickafarm.com/pumpkin-patches/near/allentown-pa-united-states/,2025-10-07
https://pickafarm.com/pumpkin-patches/near/aurora-il-united-states/,2025-10-07
https://pickafarm.com/vineyards/near/philadelphia-pa-united-states/,2025-10-07
https://pickafarm.com/vineyards/near/harrisburg-pa-united-states/,2025-10-07
https://pickafarm.com/corn-mazes/near/bakersfield-ca-united-states/,2025-10-07
https://pickafarm.com/corn-mazes/near/brantford-on-canada/,2025-10-07
https://pickafarm.com/christmas-tree-farms/near/jesup-ga-canada/,2025-10-07
https://pickafarm.com/corn-mazes/near/burlington-on-canada/,2025-10-07
https://pickafarm.com/corn-mazes/near/kitchener-on-canada/,2025-10-07
https://pickafarm.com/corn-mazes/near/milwaukee-wi-united-states/,2025-10-07
https://pickafarm.com/corn-mazes/near/milton-on-canada/,2025-10-07
https://pickafarm.com/corn-mazes/near/norfolk-county-on-canada/,2025-10-07
https://pickafarm.com/corn-mazes/near/mississauga-on-canada/,2025-10-07
https://pickafarm.com/corn-mazes/near/brampton-on-canada/,2025-10-07
https://pickafarm.com/vineyards/near/oakland-ca-united-states/,2025-10-07
https://pickafarm.com/pumpkin-patches/near/newark-nj-united-states/,2025-10-07
https://pickafarm.com/vineyards/near/allentown-pa-united-states/,2025-10-07
https://pickafarm.com/christmas-tree-farms/near/st-catharines-on-canada/,2025-10-07
https://pickafarm.com/pumpkin-patches/near/livingston-tx-canada/,2025-10-07
https://pickafarm.com/pumpkin-patches/near/iowa-city-ia-united-states/,2025-10-07
https://pickafarm.com/christmas-tree-farms/near/paragould-ar-united-states/,2025-10-07
https://pickafarm.com/pumpkin-patches/near/rochester-ny-united-states/,2025-10-07
https://pickafarm.com/corn-mazes/near/san-bernardino-ca-united-states/,2025-10-07
https://pickafarm.com/christmas-tree-farms/near/chicopee-ma-united-states/,2025-10-07
https://pickafarm.com/pumpkin-patches/near/brantford-on-canada/,2025-10-07
https://pickafarm.com/all-farms-near/near/bridgewater-ns-canada/,2025-10-07
https://pickafarm.com/all-farms-near/near/thunder-bay-on-canada/,2025-10-07
https://pickafarm.com/all-farms-near/near/kamloops-bc-canada/,2025-10-07
https://pickafarm.com/christmas-tree-farms/near/albany-ny-united-states/,2025-10-07
https://pickafarm.com/apple-orchards/near/cadott-wi-ca,2025-10-07
https://pickafarm.com/apple-orchards/near/eau-claire-wi-ca,2025-10-07
https://pickafarm.com/apple-orchards/near/eau-claire-wi-ca/,2025-10-07
https://pickafarm.com/petting-zoo/near/north-vancouver-bc-ca,2025-10-07
https://pickafarm.com/petting-zoo/near/north-vancouver-bc-ca/,2025-10-07
https://pickafarm.com/pumpkin-patches/near/harrisburg-pa-united-states/,2025-10-07
https://pickafarm.com/corn-mazes/near/fontana-ca-united-states/,2025-10-07
https://pickafarm.com/vineyards/near/chicopee-ma-united-states/,2025-10-07
https://pickafarm.com/petting-zoo/near/saanich-bc-ca,2025-10-07
https://pickafarm.com/petting-zoo/near/saanich-bc-ca/,2025-10-07
https://pickafarm.com/petting-zoo/near/chilliwack-bc-ca,2025-10-07
https://pickafarm.com/corn-mazes/near/yonkers-ny-united-states/,2025-10-07
https://pickafarm.com/christmas-tree-farms/near/halifax-ns-canada/,2025-10-07
https://pickafarm.com/petting-zoo/near/maple-ridge-bc-ca/,2025-10-07
https://pickafarm.com/christmas-tree-farms/near/repentigny-qc-canada/,2025-10-07
https://pickafarm.com/christmas-tree-farms/near/st-paul-mn-united-states/,2025-10-07
https://pickafarm.com/christmas-tree-farms/near/burlington-vt-united-states/,2025-10-07
https://pickafarm.com/all-farms-near/near/toledo-oh-united-states/,2025-10-07
https://pickafarm.com/all-farms-near/near/st-paul-mn-united-states/,2025-10-07
https://pickafarm.com/all-farms-near/near/strathcona-county-ab-canada/,2025-10-07
https://pickafarm.com/all-farms-near/near/salmon-arm-bc-canada/,2025-10-07
https://pickafarm.com/christmas-tree-farms/near/chula-vista-ca-united-states/,2025-10-07
https://pickafarm.com/christmas-tree-farms/near/rantoul-il-canada/,2025-10-07
https://pickafarm.com/christmas-tree-farms/near/duluth-mn-canada/,2025-10-07
https://pickafarm.com/christmas-tree-farms/near/livingston-tx-canada/,2025-10-07
https://pickafarm.com/christmas-tree-farms/near/decorah-ia-canada/,2025-10-07
https://pickafarm.com/corn-mazes/near/anaheim-ca-united-states/,2025-10-07
https://pickafarm.com/christmas-tree-farms/near/wyoming-mi-united-states/,2025-10-07
https://pickafarm.com/corn-mazes/near/madison-wi-united-states/,2025-10-07
https://pickafarm.com/pumpkin-patches/near/huntington-beach-ca-united-states/,2025-10-07
https://pickafarm.com/pumpkin-patches/near/fontana-ca-united-states/,2025-10-07
https://pickafarm.com/pumpkin-patches/near/san-bernardino-ca-united-states/,2025-10-07
https://pickafarm.com/pumpkin-patches/near/irvine-ca-united-states/,2025-10-07
https://pickafarm.com/pumpkin-patches/near/anaheim-ca-united-states/,2025-10-07
https://pickafarm.com/pumpkin-patches/near/riverside-ca-united-states/,2025-10-07
https://pickafarm.com/corn-mazes/near/hamilton-on-canada/,2025-10-07
https://pickafarm.com/corn-mazes/near/guelph-on-canada/,2025-10-07
https://pickafarm.com/pumpkin-patches/near/baltimore-md-united-states/,2025-10-07
https://pickafarm.com/corn-mazes/near/allentown-pa-united-states/,2025-10-07
https://pickafarm.com/corn-mazes/near/livingston-tx-canada/,2025-10-07
https://pickafarm.com/corn-mazes/near/henderson-tx-canada/,2025-10-07
https://pickafarm.com/pumpkin-patches/near/oakland-ca-united-states/,2025-10-07
https://pickafarm.com/sugar-shacks/near/schenectady-ny-us/,2025-10-07
https://pickafarm.com/sugar-shacks/near/binghamton-ny-us/,2025-10-07
https://pickafarm.com/christmas-tree-farms/near/long-beach-ca-united-states/,2025-10-07
https://pickafarm.com/vegetable-farms/near/mount-pleasant-south-carolina-us/,2025-10-07
https://pickafarm.com/pumpkin-patches/near/chicago-il-united-states/,2025-10-07
https://pickafarm.com/all-farms-near/near/port-coquitlam-bc-canada/,2025-10-07
https://pickafarm.com/corn-mazes/near/dalton-ga-united-states/,2025-10-07
https://pickafarm.com/corn-mazes/near/jersey-city-nj-united-states/,2025-10-07
https://pickafarm.com/vineyards/near/kingston-ny-united-states/,2025-10-07
https://pickafarm.com/pumpkin-patches/near/cambridge-on-canada/,2025-10-07
https://pickafarm.com/pumpkin-patches/near/kingston-ny-united-states/,2025-10-07
https://pickafarm.com/christmas-tree-farms/near/morristown-tn-united-states/,2025-10-07
https://pickafarm.com/corn-mazes/near/iowa-city-ia-united-states/,2025-10-07
https://pickafarm.com/pumpkin-patches/near/oakville-on-canada/,2025-10-07
https://pickafarm.com/christmas-tree-farms/near/new-york-ny-united-states/,2025-10-07
https://pickafarm.com/pumpkin-patches/near/halton-hills-on-canada/,2025-10-07
https://pickafarm.com/corn-mazes/near/london-on-canada/,2025-10-07
https://pickafarm.com/corn-mazes/near/harrisburg-pa-united-states/,2025-10-07
https://pickafarm.com/corn-mazes/near/philadelphia-pa-united-states/,2025-10-07
https://pickafarm.com/pumpkin-patches/near/kitchener-on-canada/,2025-10-07
https://pickafarm.com/pumpkin-patches/near/austin-tx-united-states/,2025-10-07
https://pickafarm.com/corn-mazes/near/cambridge-on-canada/,2025-10-07
https://pickafarm.com/christmas-tree-farms/near/fairfield-il-united-states/,2025-10-07
https://pickafarm.com/all-farms-near/near/sarnia-on-canada/,2025-10-07
https://pickafarm.com/pumpkin-patches/near/phoenix-ny-canada/,2025-10-07
https://pickafarm.com/all-farms-near/near/brossard-qc-canada/,2025-10-07
https://pickafarm.com/christmas-tree-farms/near/chatham-kent-on-canada/,2025-10-07
https://pickafarm.com/christmas-tree-farms/near/saint-j-r-me-qc-canada/,2025-10-07
https://pickafarm.com/christmas-tree-farms/near/saint-john-nb-canada/,2025-10-07
https://pickafarm.com/all-farms-near/near/laval-qc-canada/,2025-10-07
https://pickafarm.com/all-farms-near/near/whitby-on-canada/,2025-10-07
https://pickafarm.com/all-farms-near/near/mirabel-qc-canada/,2025-10-07
https://pickafarm.com/christmas-tree-farms/near/saint-jean-sur-richelieu-qc-canada/,2025-10-07
https://pickafarm.com/christmas-tree-farms/near/st-john-ks-canada/,2025-10-07
https://pickafarm.com/christmas-tree-farms/near/terrace-bc-canada/,2025-10-07
https://pickafarm.com/christmas-tree-farms/near/salmon-arm-bc-canada/,2025-10-07
https://pickafarm.com/all-farms-near/near/terrace-bc-canada/,2025-10-07
https://pickafarm.com/christmas-tree-farms/near/quebec-city-qc-canada/,2025-10-07
https://pickafarm.com/christmas-tree-farms/near/cincinnati-oh-united-states/,2025-10-07
https://pickafarm.com/christmas-tree-farms/near/aurora-il-united-states/,2025-10-07
https://pickafarm.com/christmas-tree-farms/near/pittsburgh-pa-united-states/,2025-10-07
https://pickafarm.com/christmas-tree-farms/near/cleveland-oh-united-states/,2025-10-07
https://pickafarm.com/christmas-tree-farms/near/tacoma-wa-united-states/,2025-10-07
https://pickafarm.com/christmas-tree-farms/near/lincoln-ne-united-states/,2025-10-07
https://pickafarm.com/christmas-tree-farms/near/tampa-fl-united-states/,2025-10-07
https://pickafarm.com/christmas-tree-farms/near/nashville-davidson-tn-united-states/,2025-10-07
https://pickafarm.com/christmas-tree-farms/near/seattle-wa-united-states/,2025-10-07
https://pickafarm.com/christmas-tree-farms/near/richmond-va-united-states/,2025-10-07
https://pickafarm.com/christmas-tree-farms/near/atlanta-ga-united-states/,2025-10-07
https://pickafarm.com/christmas-tree-farms/near/minneapolis-mn-united-states/,2025-10-07
https://pickafarm.com/christmas-tree-farms/near/kansas-city-mo-united-states/,2025-10-07
https://pickafarm.com/christmas-tree-farms/near/indianapolis-in-united-states/,2025-10-07
https://pickafarm.com/christmas-tree-farms/near/fontana-ca-united-states/,2025-10-07
https://pickafarm.com/christmas-tree-farms/near/jersey-city-nj-united-states/,2025-10-07
https://pickafarm.com/all-farms-near/near/washington-dc-united-states/,2025-10-07
https://pickafarm.com/christmas-tree-farms/near/moreno-valley-ca-united-states/,2025-10-07
https://pickafarm.com/all-farms-near/near/atlanta-ga-united-states/,2025-10-07
https://pickafarm.com/all-farms-near/near/tacoma-wa-united-states/,2025-10-07
https://pickafarm.com/christmas-tree-farms/near/huntington-wv-united-states/,2025-10-07
https://pickafarm.com/christmas-tree-farms/near/austin-tx-united-states/,2025-10-07
https://pickafarm.com/all-farms-near/near/charlotte-nc-united-states/,2025-10-07
https://pickafarm.com/all-farms-near/near/pittsburgh-pa-united-states/,2025-10-07
https://pickafarm.com/all-farms-near/near/cincinnati-oh-united-states/,2025-10-07
https://pickafarm.com/all-farms-near/near/lincoln-ne-united-states/,2025-10-07
https://pickafarm.com/all-farms-near/near/san-francisco-ca-united-states/,2025-10-07
https://pickafarm.com/all-farms-near/near/kansas-city-mo-united-states/,2025-10-07
https://pickafarm.com/christmas-tree-farms/near/staunton-va-united-states/,2025-10-07
https://pickafarm.com/christmas-tree-farms/near/cleveland-tn-united-states/,2025-10-07
https://pickafarm.com/christmas-tree-farms/near/marietta-oh-united-states/,2025-10-07
https://pickafarm.com/christmas-tree-farms/near/norfolk-ne-united-states/,2025-10-07
https://pickafarm.com/pumpkin-patches/near/san-antonio-tx-united-states/,2025-10-07
https://pickafarm.com/christmas-tree-farms/near/huntsville-al-united-states/,2025-10-07
https://pickafarm.com/christmas-tree-farms/near/waynesville-nc-united-states/,2025-10-07
https://pickafarm.com/christmas-tree-farms/near/kingston-ny-united-states/,2025-10-07
https://pickafarm.com/all-farms-near/near/anaheim-ca-united-states/,2025-10-07
https://pickafarm.com/christmas-tree-farms/near/sioux-falls-sd-united-states/,2025-10-07
https://pickafarm.com/christmas-tree-farms/near/binghamton-ny-united-states/,2025-10-07
https://pickafarm.com/christmas-tree-farms/near/cordele-ga-united-states/,2025-10-07
https://pickafarm.com/christmas-tree-farms/near/old-town-me-united-states/,2025-10-07
https://pickafarm.com/christmas-tree-farms/near/boone-nc-united-states/,2025-10-07
https://pickafarm.com/christmas-tree-farms/near/bangor-me-united-states/,2025-10-07
https://pickafarm.com/christmas-tree-farms/near/oak-ridge-tn-united-states/,2025-10-07
https://pickafarm.com/all-farms-near/near/boston-ma-united-states/,2025-10-07
https://pickafarm.com/christmas-tree-farms/near/spokane-wa-united-states/,2025-10-07
https://pickafarm.com/christmas-tree-farms/near/stockton-ca-united-states/,2025-10-07
https://pickafarm.com/christmas-tree-farms/near/columbus-ga-united-states/,2025-10-07
https://pickafarm.com/berry-farms/near/phoenix-ny-ca/,2025-10-07
https://pickafarm.com/berry-farms/near/warwick-puerto-rico-us,2025-10-07
https://pickafarm.com/berry-farms/near/bridgeport-connecticut-us,2025-10-07
https://pickafarm.com/berry-farms/near/bridgeport-connecticut-us/,2025-10-07
https://pickafarm.com/berry-farms/near/rochester-new-york-us,2025-10-07
https://pickafarm.com/berry-farms/near/rochester-new-york-us/,2025-10-07
https://pickafarm.com/berry-farms/near/sacramento-california-us/,2025-10-07
https://pickafarm.com/berry-farms/near/chicopee-ma-us,2025-10-07
https://pickafarm.com/berry-farms/near/chicopee-ma-us/,2025-10-07
https://pickafarm.com/vegetable-farms/near/new-york-new-york-us,2025-10-07
https://pickafarm.com/vegetable-farms/near/new-york-new-york-us/,2025-10-07
https://pickafarm.com/vegetable-farms/near/allentown-pa-us/,2025-10-07
https://pickafarm.com/vegetable-farms/near/chicago-illinois-us/,2025-10-07
https://pickafarm.com/vegetable-farms/near/greenwood-sc-us,2025-10-07
https://pickafarm.com/vegetable-farms/near/greenwood-sc-us/,2025-10-07
https://pickafarm.com/christmas-tree-farms/near/green-bay-wi-united-states/,2025-10-07
https://pickafarm.com/pumpkin-patches/near/fremont-ca-united-states/,2025-10-07
https://pickafarm.com/sugar-shacks/near/gatineau-qc-ca/,2025-10-07
https://pickafarm.com/sugar-shacks/near/burlington-vermont-us,2025-10-07
https://pickafarm.com/sugar-shacks/near/burlington-vermont-us/,2025-10-07
https://pickafarm.com/sugar-shacks/near/albany-ny-us,2025-10-07
https://pickafarm.com/sugar-shacks/near/albany-ny-us/,2025-10-07
https://pickafarm.com/all-farms-near/near/san-bernardino-ca-united-states/,2025-10-07
https://pickafarm.com/christmas-tree-farms/near/st-petersburg-fl-united-states/,2025-10-07
https://pickafarm.com/christmas-tree-farms/near/chicago-il-united-states/,2025-10-07
https://pickafarm.com/christmas-tree-farms/near/warwick-pr-united-states/,2025-10-07
https://pickafarm.com/christmas-tree-farms/near/anaheim-ca-united-states/,2025-10-07
https://pickafarm.com/christmas-tree-farms/near/omaha-ne-united-states/,2025-10-07
https://pickafarm.com/christmas-tree-farms/near/oakland-ca-united-states/,2025-10-07
https://pickafarm.com/christmas-tree-farms/near/san-francisco-ca-united-states/,2025-10-07
https://pickafarm.com/corn-mazes/near/oakville-on-canada/,2025-10-07
https://pickafarm.com/christmas-tree-farms/near/peoria-il-united-states/,2025-10-07
https://pickafarm.com/christmas-tree-farms/near/st-louis-mo-united-states/,2025-10-07
https://pickafarm.com/all-farms-near/near/new-york-ny-united-states/,2025-10-07
https://pickafarm.com/christmas-tree-farms/near/appleton-wi-united-states/,2025-10-07
https://pickafarm.com/christmas-tree-farms/near/sheridan-wi-united-states/,2025-10-07
https://pickafarm.com/christmas-tree-farms/near/honolulu-hi-united-states/,2025-10-07
https://pickafarm.com/all-farms-near/near/moncton-nb-canada/,2025-10-07
https://pickafarm.com/christmas-tree-farms/near/dallas-tx-united-states/,2025-10-07
https://pickafarm.com/christmas-tree-farms/near/summerdale-al-canada/,2025-10-07
https://pickafarm.com/corn-mazes/near/aurora-il-united-states/,2025-10-07
https://pickafarm.com/corn-mazes/near/atlanta-ga-united-states/,2025-10-07
https://pickafarm.com/christmas-tree-farms/near/houston-tx-united-states/,2025-10-07
https://pickafarm.com/sugar-shacks/near/perth-on-ca,2025-10-07
https://pickafarm.com/sugar-shacks/near/perth-on-ca/,2025-10-07
https://pickafarm.com/pumpkin-patches/near/vaughan-on-canada/,2025-10-07
https://pickafarm.com/corn-mazes/near/indianapolis-in-united-states/,2025-10-07
https://pickafarm.com/vineyards/near/san-francisco-ca-united-states/,2025-10-07
https://pickafarm.com/tulip-farms/near/arlington-texas-us,2025-10-07
https://pickafarm.com/tulip-farms/near/arlington-texas-us/,2025-10-07
https://pickafarm.com/tulip-farms/near/dallas-texas-us/,2025-10-07
https://pickafarm.com/pumpkin-patches/near/long-beach-ca-united-states/,2025-10-07
https://pickafarm.com/pumpkin-patches/near/lebanon-pa-united-states/,2025-10-07
https://pickafarm.com/corn-mazes/near/huntington-beach-ca-united-states/,2025-10-07
https://pickafarm.com/corn-mazes/near/santa-ana-ca-united-states/,2025-10-07
https://pickafarm.com/pumpkin-patches/near/new-york-ny-united-states/,2025-10-07
https://pickafarm.com/sugar-shacks/near/bangor-me-us,2025-10-07
https://pickafarm.com/sugar-shacks/near/bangor-me-us/,2025-10-07
https://pickafarm.com/sugar-shacks/near/old-town-me-us/,2025-10-07
https://pickafarm.com/sugar-shacks/near/indianapolis-indiana-us,2025-10-07
https://pickafarm.com/christmas-tree-farms/near/baltimore-md-united-states/,2025-10-07
https://pickafarm.com/christmas-tree-farms/near/lebanon-pa-united-states/,2025-10-07
https://pickafarm.com/pumpkin-patches/near/hamilton-on-canada/,2025-10-07
https://pickafarm.com/christmas-tree-farms/near/madison-wi-united-states/,2025-10-07
https://pickafarm.com/vegetable-farms/near/lexington-sc-us/,2025-10-07
https://pickafarm.com/vegetable-farms/near/jersey-city-new-jersey-us,2025-10-07
https://pickafarm.com/vegetable-farms/near/jersey-city-new-jersey-us/,2025-10-07
https://pickafarm.com/pumpkin-patches/near/richmond-hill-on-ca/,2025-10-07
https://pickafarm.com/pumpkin-patches/near/st-catharines-on-ca/,2025-10-07
https://pickafarm.com/pumpkin-patches/near/ottawa-on-canada/,2025-10-07
https://pickafarm.com/pumpkin-patches/near/niagara-on-the-lake-on-ca/,2025-10-07
https://pickafarm.com/all-farms-near/near/cleveland-oh-united-states/,2025-10-07
https://pickafarm.com/christmas-tree-farms/near/trois-rivi-res-qc-canada/,2025-10-07
https://pickafarm.com/pumpkin-patches/near/london-on-canada/,2025-10-07
https://pickafarm.com/pumpkin-patches/near/sarnia-on-canada/,2025-10-07
https://pickafarm.com/pumpkin-patches/near/brampton-on-canada/,2025-10-07
https://pickafarm.com/vineyards/near/boone-nc-united-states/,2025-10-07
https://pickafarm.com/pumpkin-patches/near/staunton-va-united-states/,2025-10-07
https://pickafarm.com/pumpkin-patches/near/norfolk-county-on-canada/,2025-10-07
https://pickafarm.com/vineyards/near/staunton-va-united-states/,2025-10-07
https://pickafarm.com/pumpkin-patches/near/central-square-ny-canada/,2025-10-07
https://pickafarm.com/apple-orchards/near/kingston-ny-us/,2025-10-07
https://pickafarm.com/apple-orchards/near/binghamton-ny-us/,2025-10-07
https://pickafarm.com/christmas-tree-farms/near/manistee-mi-united-states/,2025-10-07
https://pickafarm.com/corn-farms/near/new-westminster-bc-ca/,2025-10-07
https://pickafarm.com/corn-farms/near/chilliwack-bc-ca,2025-10-07
https://pickafarm.com/corn-farms/near/chilliwack-bc-ca/,2025-10-07
https://pickafarm.com/corn-farms/near/maple-ridge-bc-ca/,2025-10-07
https://pickafarm.com/corn-farms/near/vancouver-bc-ca,2025-10-07
https://pickafarm.com/corn-farms/near/vancouver-bc-ca/,2025-10-07
https://pickafarm.com/corn-farms/near/port-coquitlam-bc-ca,2025-10-07
https://pickafarm.com/corn-farms/near/port-coquitlam-bc-ca/,2025-10-07
https://pickafarm.com/corn-farms/near/delta-bc-ca,2025-10-07
https://pickafarm.com/corn-farms/near/delta-bc-ca/,2025-10-07
https://pickafarm.com/corn-farms/near/richmond-bc-ca/,2025-10-07
https://pickafarm.com/corn-farms/near/abbotsford-bc-ca,2025-10-07
https://pickafarm.com/pumpkin-patches/near/caledon-on-canada/,2025-10-07
https://pickafarm.com/corn-farms/near/langley-bc-ca/,2025-10-07
https://pickafarm.com/all-farms-near/near/rochester-mn-united-states/,2025-10-07
https://pickafarm.com/corn-farms/near/coquitlam-bc-ca,2025-10-07
https://pickafarm.com/corn-farms/near/coquitlam-bc-ca/,2025-10-07
https://pickafarm.com/apple-orchards/near/seattle-washington-us/,2025-10-07
https://pickafarm.com/maple-syrup-farms/near/caledon-on-ca/,2025-10-07
https://pickafarm.com/christmas-tree-farms/near/buffalo-ny-united-states/,2025-10-07
https://pickafarm.com/maple-syrup-farms/near/vaughan-on-ca,2025-10-07
https://pickafarm.com/pumpkin-patches/near/moreno-valley-ca-united-states/,2025-10-07
https://pickafarm.com/christmas-tree-farms/near/the-dalles-or-canada/,2025-10-07
https://pickafarm.com/maple-syrup-farms/near/halton-hills-on-ca,2025-10-07
https://pickafarm.com/maple-syrup-farms/near/halton-hills-on-ca/,2025-10-07
https://pickafarm.com/maple-syrup-farms/near/aurora-on-ca,2025-10-07
https://pickafarm.com/maple-syrup-farms/near/aurora-on-ca/,2025-10-07
https://pickafarm.com/maple-syrup-farms/near/markham-on-ca,2025-10-07
https://pickafarm.com/maple-syrup-farms/near/markham-on-ca/,2025-10-07
https://pickafarm.com/maple-syrup-farms/near/guelph-on-ca/,2025-10-07
https://pickafarm.com/maple-syrup-farms/near/kawartha-lakes-on-ca,2025-10-07
https://pickafarm.com/maple-syrup-farms/near/kawartha-lakes-on-ca/,2025-10-07
https://pickafarm.com/maple-syrup-farms/near/ottawa-on-ca/,2025-10-07
https://pickafarm.com/maple-syrup-farms/near/barrie-on-ca,2025-10-07
https://pickafarm.com/maple-syrup-farms/near/barrie-on-ca/,2025-10-07
https://pickafarm.com/maple-syrup-farms/near/richmond-hill-on-ca,2025-10-07
https://pickafarm.com/maple-syrup-farms/near/richmond-hill-on-ca/,2025-10-07
https://pickafarm.com/maple-syrup-farms/near/pickering-on-ca,2025-10-07
https://pickafarm.com/maple-syrup-farms/near/pickering-on-ca/,2025-10-07
https://pickafarm.com/maple-syrup-farms/near/milton-on-ca,2025-10-07
https://pickafarm.com/maple-syrup-farms/near/milton-on-ca/,2025-10-07
https://pickafarm.com/christmas-tree-farms/near/charleston-wv-united-states/,2025-10-07
https://pickafarm.com/maple-syrup-farms/near/brampton-on-ca,2025-10-07
https://pickafarm.com/maple-syrup-farms/near/brampton-on-ca/,2025-10-07
https://pickafarm.com/maple-syrup-farms/near/toronto-on-ca,2025-10-07
https://pickafarm.com/maple-syrup-farms/near/toronto-on-ca/,2025-10-07
https://pickafarm.com/maple-syrup-farms/near/newmarket-on-ca,2025-10-07
https://pickafarm.com/maple-syrup-farms/near/newmarket-on-ca/,2025-10-07
https://pickafarm.com/christmas-tree-farms/near/toone-tn-canada/,2025-10-07
https://pickafarm.com/maple-syrup-farms/near/ajax-on-ca,2025-10-07
https://pickafarm.com/maple-syrup-farms/near/ajax-on-ca/,2025-10-07
https://pickafarm.com/christmas-tree-farms/near/bethlehem-nh-canada/,2025-10-07
https://pickafarm.com/corn-farms/near/burnaby-bc-ca,2025-10-07
https://pickafarm.com/corn-farms/near/burnaby-bc-ca/,2025-10-07
https://pickafarm.com/petting-zoo/near/langley-bc-ca/,2025-10-07
https://pickafarm.com/petting-zoo/near/surrey-bc-ca,2025-10-07
https://pickafarm.com/petting-zoo/near/surrey-bc-ca/,2025-10-07
https://pickafarm.com/petting-zoo/near/burnaby-bc-ca/,2025-10-07
https://pickafarm.com/petting-zoo/near/port-coquitlam-bc-ca,2025-10-07
https://pickafarm.com/petting-zoo/near/port-coquitlam-bc-ca/,2025-10-07
https://pickafarm.com/petting-zoo/near/new-westminster-bc-ca/,2025-10-07
https://pickafarm.com/petting-zoo/near/delta-bc-ca/,2025-10-07
https://pickafarm.com/petting-zoo/near/coquitlam-bc-ca/,2025-10-07
https://pickafarm.com/petting-zoo/near/vancouver-bc-ca,2025-10-07
https://pickafarm.com/petting-zoo/near/vancouver-bc-ca/,2025-10-07
https://pickafarm.com/petting-zoo/near/richmond-bc-ca,2025-10-07
https://pickafarm.com/petting-zoo/near/richmond-bc-ca/,2025-10-07
https://pickafarm.com/christmas-tree-farms/near/des-moines-ia-united-states/,2025-10-07
https://pickafarm.com/pumpkin-patches/near/bridgeport-ct-united-states/,2025-10-07
https://pickafarm.com/christmas-tree-farms/near/lowville-ny-canada/,2025-10-07
https://pickafarm.com/maple-syrup-farms/near/oshawa-on-ca,2025-10-07
https://pickafarm.com/maple-syrup-farms/near/oshawa-on-ca/,2025-10-07
https://pickafarm.com/apple-orchards/near/chicago-illinois-us,2025-10-07
https://pickafarm.com/christmas-tree-farms/near/n-nole-hi-canada/,2025-10-07
https://pickafarm.com/apple-orchards/near/sacramento-california-us/,2025-10-07
https://pickafarm.com/christmas-tree-farms/near/greensboro-nc-united-states/,2025-10-07
https://pickafarm.com/christmas-tree-farms/near/fort-wayne-in-united-states/,2025-10-07
https://pickafarm.com/maple-syrup-farms/near/whitby-on-ca,2025-10-07
https://pickafarm.com/maple-syrup-farms/near/whitby-on-ca/,2025-10-07
https://pickafarm.com/maple-syrup-farms/near/mississauga-on-ca,2025-10-07
https://pickafarm.com/maple-syrup-farms/near/mississauga-on-ca/,2025-10-07
https://pickafarm.com/christmas-tree-farms/near/yonkers-ny-united-states/,2025-10-06
https://pickafarm.com/christmas-tree-farms/near/dalton-ga-united-states/,2025-10-06
https://pickafarm.com/tulip-farms/near/garland-texas-us,2025-10-06
https://pickafarm.com/tulip-farms/near/garland-texas-us/,2025-10-06
https://pickafarm.com/christmas-tree-farms/near/walla-walla-wa-united-states/,2025-10-06
https://pickafarm.com/all-farms-near/near/newark-nj-united-states/,2025-10-06
https://pickafarm.com/apple-orchards/near/aurora-illinois-us,2025-10-06
https://pickafarm.com/apple-orchards/near/aurora-illinois-us/,2025-10-06
https://pickafarm.com/all-farms-near/near/saint-john-nb-canada/,2025-10-06
https://pickafarm.com/vineyards/near/st-paul-mn-united-states/,2025-10-06
https://pickafarm.com/corn-mazes/near/newark-nj-united-states/,2025-10-06
https://pickafarm.com/christmas-tree-farms/near/presque-isle-maine-united-states/,2025-10-06
https://pickafarm.com/varieties/norway-spruce-christmas-trees,2025-10-06
https://pickafarm.com/varieties/norway-spruce-christmas-trees/,2025-10-06
https://pickafarm.com/all-farms-near/near/victoria-bc-canada/,2025-10-06
https://pickafarm.com/sugar-shacks/near/kingston-ny-us/,2025-10-06
https://pickafarm.com/christmas-tree-farms/near/fremont-ca-united-states/,2025-10-06
https://pickafarm.com/christmas-tree-farms/near/kamloops-bc-canada/,2025-10-06
https://pickafarm.com/tulip-farms/near/san-antonio-texas-us,2025-10-06
https://pickafarm.com/tulip-farms/near/san-antonio-texas-us/,2025-10-06
https://pickafarm.com/sugar-shacks/near/binghamton-ny-us,2025-10-06
https://pickafarm.com/petting-zoo/near/abbotsford-bc-ca,2025-10-06
https://pickafarm.com/christmas-tree-farms/near/laval-qc-canada/,2025-10-06
https://pickafarm.com/christmas-tree-farms/near/milwaukee-wi-united-states/,2025-10-06
https://pickafarm.com/vegetable-farms/near/newark-new-jersey-us,2025-10-06
https://pickafarm.com/vegetable-farms/near/newark-new-jersey-us/,2025-10-06
https://pickafarm.com/christmas-tree-farms/near/irvine-ca-united-states/,2025-10-06
https://pickafarm.com/vegetable-farms/near/mount-pleasant-south-carolina-us,2025-10-06
https://pickafarm.com/corn-farms/near/north-vancouver-bc-ca,2025-10-06
https://pickafarm.com/corn-farms/near/north-vancouver-bc-ca/,2025-10-06
https://pickafarm.com/apple-orchards/near/tacoma-washington-us,2025-10-06
https://pickafarm.com/apple-orchards/near/tacoma-washington-us/,2025-10-06
https://pickafarm.com/corn-farms/near/saanich-bc-ca,2025-10-06
https://pickafarm.com/corn-farms/near/saanich-bc-ca/,2025-10-06
https://pickafarm.com/christmas-tree-farms/near/irving-tx-united-states/,2025-10-06
https://pickafarm.com/all-farms-near/near/santa-ana-ca-united-states/,2025-10-06
https://pickafarm.com/pumpkin-patches/near/niagara-falls-on-ca,2025-10-06
https://pickafarm.com/pumpkin-patches/near/niagara-falls-on-ca/,2025-10-06
https://pickafarm.com/pumpkin-patches/near/toronto-on-ca,2025-10-06
https://pickafarm.com/pumpkin-patches/near/toronto-on-ca/,2025-10-06
https://pickafarm.com/pumpkin-patches/near/markham-on-ca,2025-10-06
https://pickafarm.com/pumpkin-patches/near/markham-on-ca/,2025-10-06
https://pickafarm.com/maple-syrup-farms/near/oakville-on-ca,2025-10-06
https://pickafarm.com/pumpkin-patches/near/welland-on-ca,2025-10-06
https://pickafarm.com/pumpkin-patches/near/welland-on-ca/,2025-10-06
https://pickafarm.com/pumpkin-patches/near/madison-wi-united-states/,2025-10-06
https://pickafarm.com/pumpkin-patches/near/burlington-on-canada/,2025-10-06
https://pickafarm.com/pumpkin-patches/near/philadelphia-pa-united-states/,2025-10-06
https://pickafarm.com/tulip-farms/near/irving-texas-us,2025-10-06
https://pickafarm.com/tulip-farms/near/irving-texas-us/,2025-10-06
https://pickafarm.com/tulip-farms/near/plano-texas-us,2025-10-06
https://pickafarm.com/tulip-farms/near/plano-texas-us/,2025-10-06
https://pickafarm.com/christmas-tree-farms/near/cambridge-on-canada/,2025-10-06
https://pickafarm.com/vegetable-farms/near/duluth-mn-ca,2025-10-06
https://pickafarm.com/vegetable-farms/near/duluth-mn-ca/,2025-10-06
https://pickafarm.com/berry-farms/near/sacramento-california-us,2025-10-06
https://pickafarm.com/vegetable-farms/near/aurora-illinois-us,2025-10-06
https://pickafarm.com/vegetable-farms/near/aurora-illinois-us/,2025-10-06
https://pickafarm.com/vegetable-farms/near/chicago-illinois-us,2025-10-06
https://pickafarm.com/christmas-tree-farms/near/granby-qc-canada/,2025-10-06
https://pickafarm.com/pumpkin-patches/near/mississauga-on-canada/,2025-10-06
https://pickafarm.com/sugar-shacks/near/chicopee-ma-us,2025-10-06
https://pickafarm.com/sugar-shacks/near/chicopee-ma-us/,2025-10-06
https://pickafarm.com/christmas-tree-farms/near/markham-on-canada/,2025-10-06
https://pickafarm.com/christmas-tree-farms/near/hilton-head-island-sc-united-states/,2025-10-06
https://pickafarm.com/all-farms-near/near/rochester-ny-united-states/,2025-10-06
https://pickafarm.com/christmas-tree-farms/near/boston-ma-united-states/,2025-10-06
https://pickafarm.com/christmas-tree-farms/near/burlington-on-canada/,2025-10-06
https://pickafarm.com/pumpkin-patches/near/niagara-on-the-lake-on-ca,2025-10-06
https://pickafarm.com/christmas-tree-farms/near/bakersfield-ca-united-states/,2025-10-06
https://pickafarm.com/all-farms-near/near/trois-rivi-res-qc-canada/,2025-10-06
https://pickafarm.com/pumpkin-patches/near/milwaukee-wi-united-states/,2025-10-06
https://pickafarm.com/sugar-shacks/near/old-town-me-us,2025-10-06
https://pickafarm.com/christmas-tree-farms/near/little-falls-mn-united-states/,2025-10-06
https://pickafarm.com/pumpkin-patches/near/waterloo-on-canada/,2025-10-06
https://pickafarm.com/corn-mazes/near/riverside-ca-united-states/,2025-10-06
https://pickafarm.com/vegetable-farms/near/spokane-washington-us/,2025-10-06
https://pickafarm.com/corn-mazes/near/irvine-ca-united-states/,2025-10-06
https://pickafarm.com/sugar-shacks/near/indianapolis-indiana-us/,2025-10-06
https://pickafarm.com/corn-mazes/near/rantoul-il-canada/,2025-10-06
https://pickafarm.com/corn-farms/near/surrey-bc-ca,2025-10-06
https://pickafarm.com/corn-mazes/near/schenectady-ny-united-states/,2025-10-06
https://pickafarm.com/sugar-shacks/near/schenectady-ny-us,2025-10-06
https://pickafarm.com/apple-orchards/near/kingston-ny-us,2025-10-06
https://pickafarm.com/all-farms-near/near/surrey-bc-canada/,2025-10-06
https://pickafarm.com/christmas-tree-farms/near/phoenix-ny-canada/,2025-10-06
https://pickafarm.com/christmas-tree-farms/near/blacksburg-va-united-states/,2025-10-06
https://pickafarm.com/petting-zoo/near/coquitlam-bc-ca,2025-10-06
https://pickafarm.com/christmas-tree-farms/near/newark-nj-united-states/,2025-10-06
https://pickafarm.com/corn-mazes/near/fairfield-il-united-states/,2025-10-06
https://pickafarm.com/petting-zoo/near/abbotsford-bc-ca/,2025-10-06
https://pickafarm.com/petting-zoo/near/burnaby-bc-ca,2025-10-06
https://pickafarm.com/petting-zoo/near/new-westminster-bc-ca,2025-10-06
https://pickafarm.com/christmas-tree-farms/near/henderson-tx-canada/,2025-10-06
https://pickafarm.com/apple-orchards/near/cadott-wi-ca/,2025-10-06
https://pickafarm.com/berry-farms/near/warwick-puerto-rico-us/,2025-10-06
https://pickafarm.com/petting-zoo/near/chilliwack-bc-ca/,2025-10-06
https://pickafarm.com/sugar-shacks/near/kingston-ny-us,2025-10-06
https://pickafarm.com/vegetable-farms/near/spokane-washington-us,2025-10-06
https://pickafarm.com/christmas-tree-farms/near/surrey-bc-canada/,2025-10-06
https://pickafarm.com/christmas-tree-farms/near/oxnard-ca-united-states/,2025-10-06
https://pickafarm.com/christmas-tree-farms/near/central-square-ny-canada/,2025-10-06
https://pickafarm.com/all-farms-near/near/birmingham-al-united-states/,2025-10-06
https://pickafarm.com/christmas-tree-farms/near/cadott-wi-canada/,2025-10-06
https://pickafarm.com/christmas-tree-farms/near/montreal-qc-canada/,2025-10-06
https://pickafarm.com/petting-zoo/near/delta-bc-ca,2025-10-06
https://pickafarm.com/corn-mazes/near/toone-tn-canada/,2025-10-06
https://pickafarm.com/all-farms-near/near/aurora-il-united-states/,2025-10-06
https://pickafarm.com/christmas-tree-farms/near/augusta-me-united-states/,2025-10-06
https://pickafarm.com/all-farms-near/near/richmond-hill-on-canada/,2025-10-05
https://pickafarm.com/apple-orchards/near/binghamton-ny-us,2025-10-05
https://pickafarm.com/christmas-tree-farms/near/durham-nc-united-states/,2025-10-05
https://pickafarm.com/berry-farms/near/phoenix-ny-ca,2025-10-05
https://pickafarm.com/vineyards/near/bridgeport-ct-united-states/,2025-10-05
https://pickafarm.com/christmas-tree-farms/near/strathcona-county-ab-canada/,2025-10-05
https://pickafarm.com/corn-mazes/near/lebanon-pa-united-states/,2025-10-05
https://pickafarm.com/apple-orchards/near/chicago-illinois-us/,2025-10-05
https://pickafarm.com/corn-farms/near/new-westminster-bc-ca,2025-10-05
https://pickafarm.com/all-farms-near/near/halifax-ns-canada/,2025-10-05
https://pickafarm.com/maple-syrup-farms/near/vaughan-on-ca/,2025-10-05
https://pickafarm.com/corn-mazes/near/caledon-on-canada/,2025-10-05
https://pickafarm.com/corn-farms/near/surrey-bc-ca/,2025-10-05
https://pickafarm.com/christmas-tree-farms/near/aurora-co-united-states/,2025-10-05
https://pickafarm.com/corn-mazes/near/moreno-valley-ca-united-states/,2025-10-05
https://pickafarm.com/corn-farms/near/abbotsford-bc-ca/,2025-10-05
https://pickafarm.com/all-farms-near/near/st-albert-ab-canada/,2025-10-05
https://pickafarm.com/blog/best-christmas-tree/,2025-10-05
https://pickafarm.com/christmas-tree-farms/near/eau-claire-wisconsin-united-states/,2025-10-05
https://pickafarm.com/corn-mazes/near/albany-ny-united-states/,2025-10-05
https://pickafarm.com/pumpkin-patches/near/santa-ana-ca-united-states/,2025-10-05
https://pickafarm.com/christmas-tree-farms/near/garland-tx-united-states/,2025-10-05
https://pickafarm.com/corn-mazes/near/new-york-ny-united-states/,2025-10-05
https://pickafarm.com/christmas-tree-farms/near/rochester-ny-united-states/,2025-10-05
https://pickafarm.com/pumpkin-patches/near/san-francisco-ca-united-states/,2025-10-05
https://pickafarm.com/vineyards/near/fremont-ca-united-states/,2025-10-05
https://pickafarm.com/christmas-tree-farms/near/lexington-sc-united-states/,2025-10-05
https://pickafarm.com/christmas-tree-farms/near/berkeley-springs-wv-united-states/,2025-10-05
https://pickafarm.com/christmas-tree-farms/near/stevens-point-wi-united-states/,2025-10-05
https://pickafarm.com/christmas-tree-farms/near/co-springs-co-united-states/,2025-10-05
https://pickafarm.com/christmas-tree-farms/near/schenectady-ny-united-states/,2025-10-05
https://pickafarm.com/christmas-tree-farms/near/greenwood-sc-united-states/,2025-10-05
https://pickafarm.com/christmas-tree-farms/near/springfield-il-united-states/,2025-10-05
https://pickafarm.com/christmas-tree-farms/near/san-diego-ca-united-states/,2025-10-05
https://pickafarm.com/christmas-tree-farms/near/denison-ia-canada/,2025-10-05
https://pickafarm.com/christmas-tree-farms/near/caledon-on-canada/,2025-10-05
https://pickafarm.com/all-farms-near/near/pickering-on-canada/,2025-10-05
https://pickafarm.com/apple-orchards/near/sacramento-california-us,2025-10-05
https://pickafarm.com/maple-syrup-farms/near/oakville-on-ca/,2025-10-05
https://pickafarm.com/all-farms-near/near/coquitlam-bc-canada/,2025-10-04
https://pickafarm.com/all-farms-near/near/falun-ab-canada/,2025-10-04
https://pickafarm.com/maple-syrup-farms/near/ottawa-on-ca,2025-10-04
https://pickafarm.com/all-farms-near/near/sacramento-ca-united-states/,2025-10-04
https://pickafarm.com/all-farms-near/near/warwick-pr-united-states/,2025-10-04
https://pickafarm.com/christmas-tree-farms/near/plano-tx-united-states/,2025-10-04
https://pickafarm.com/christmas-tree-farms/near/halton-hills-on-canada/,2025-10-04
https://pickafarm.com/christmas-tree-farms/near/bridgeport-ct-united-states/,2025-10-04
https://pickafarm.com/christmas-tree-farms/near/riverside-ca-united-states/,2025-10-04
https://pickafarm.com/all-farms-near/near/cape-breton-ns-canada/,2025-10-04
https://pickafarm.com/christmas-tree-farms/near/belleville-on-canada/,2025-10-04
https://pickafarm.com/christmas-tree-farms/near/flint-mi-united-states/,2025-10-04
https://pickafarm.com/christmas-tree-farms/near/waterville-me-united-states/,2025-10-04
https://pickafarm.com/christmas-tree-farms/near/birmingham-al-united-states/,2025-10-04
https://pickafarm.com/all-farms-near/near/aurora-co-united-states/,2025-10-04
https://pickafarm.com/all-farms-near/near/akron-oh-united-states/,2025-10-04
https://pickafarm.com/christmas-tree-farms/near/nanaimo-bc-canada/,2025-10-04
https://pickafarm.com/all-farms-near/near/st-petersburg-fl-united-states/,2025-10-04
https://pickafarm.com/all-farms-near/near/huntington-wv-united-states/,2025-10-04
https://pickafarm.com/all-farms-near/near/gatineau-qc-canada/,2025-10-04
https://pickafarm.com/all-farms-near/near/burlington-vt-united-states/,2025-10-04
https://pickafarm.com/all-farms-near/near/denver-co-united-states/,2025-10-04
https://pickafarm.com/christmas-tree-farms/near/moncton-nb-canada/,2025-10-04
https://pickafarm.com/all-farms-near/near/saint-jean-sur-richelieu-qc-canada/,2025-10-03
https://pickafarm.com/all-farms-near/near/long-beach-ca-united-states/,2025-10-03
https://pickafarm.com/all-farms-near/near/plano-tx-united-states/,2025-10-03
https://pickafarm.com/christmas-tree-farms/near/charlotte-nc-united-states/,2025-10-03
https://pickafarm.com/all-farms-near/near/longueuil-qc-canada/,2025-10-03
https://pickafarm.com/varieties,2025-10-03
https://pickafarm.com/christmas-tree-farms/near/mirabel-qc-canada/,2025-10-02
https://pickafarm.com/christmas-tree-farms/near/iowa-falls-ia-united-states/,2025-10-02
https://pickafarm.com/christmas-tree-farms/near/kelowna-bc-canada/,2025-10-02
https://pickafarm.com/christmas-tree-farms/near/blainville-qc-canada/,2025-10-02
https://pickafarm.com/all-farms-near/near/concord-nh-united-states/,2025-10-02
https://pickafarm.com/all-farms-near/near/kitchener-on-canada/,2025-10-02
https://pickafarm.com/all-farms-near/near/chicago-il-united-states/,2025-10-02
https://pickafarm.com/christmas-tree-farms/near/north-bay-on-canada/,2025-10-02
https://pickafarm.com/christmas-tree-farms/near/kitchener-on-canada/,2025-10-02
https://pickafarm.com/christmas-tree-farms/near/detroit-mi-united-states/,2025-10-02
https://pickafarm.com/christmas-tree-farms/near/portland-me-united-states/,2025-10-02
https://pickafarm.com/christmas-tree-farms/near/eau-claire-wisconsin-us,2025-10-02
https://pickafarm.com/christmas-tree-farms/near/thunder-bay-on-canada/,2025-10-02
https://pickafarm.com/all-farms-near/near/burnaby-bc-canada/,2025-10-02
https://pickafarm.com/all-farms-near/near/repentigny-qc-canada/,2025-10-02
https://pickafarm.com/all-farms-near/near/fremont-ca-united-states/,2025-10-01
https://pickafarm.com/all-farms-near/near/red-deer-ab-canada/,2025-10-01
https://pickafarm.com/christmas-tree-farms/near/charlottetown-pei-canada/,2025-10-01
https://pickafarm.com/christmas-tree-farms/near/richmond-hill-on-canada/,2025-09-29
https://pickafarm.com/christmas-tree-farms/near/langley-bc-canada/,2025-09-29
https://pickafarm.com/christmas-tree-farms/near/terrebonne-qc-canada/,2025-09-29
https://pickafarm.com/christmas-tree-farms/near/richmond-bc-canada/,2025-09-29
https://pickafarm.com/all-farms-near/near/st-catharines-on-canada/,2025-09-28
https://pickafarm.com/all-farms-near/near/london-on-canada/,2025-09-27
https://pickafarm.com/farms-near/saanich-bc-ca,2025-09-27
https://pickafarm.com/christmas-tree-farms/near/abbotsford-bc-canada/,2025-09-27
https://pickafarm.com/all-farms-near/near/halton-hills-on-canada/,2025-09-26
https://pickafarm.com/christmas-tree-farms/near/victoria-bc-ca,2025-09-26
https://pickafarm.com/christmas-tree-farms/near/guelph-on-canada/,2025-09-26
https://pickafarm.com/farms-near/victoria-bc-ca,2025-09-26
https://pickafarm.com/christmas-tree-farms/near/brossard-qc-ca,2025-09-25
https://pickafarm.com/all-farms-near/near/oshawa-on-canada/,2025-09-23